[
  {
    "features": [
      {
        "name": "Number_seasons"
      },
      {
        "name": "Games_played",
        "value": 0.8178260942473298
      },
      {
        "name": "At_bats",
        "value": 0.7509989557277548
      },
      {
        "name": "Runs",
        "value": 0.668476579779412
      },
      {
        "name": "Hits",
        "value": 0.7335810696504342
      },
      {
        "name": "Doubles",
        "value": 0.7047151755701568
      },
      {
        "name": "Triples",
        "value": 0.4735673331681687
      },
      {
        "name": "Home_runs",
        "value": 0.45768584928284267
      },
      {
        "name": "RBIs",
        "value": 0.6955321680062425
      },
      {
        "name": "Walks",
        "value": 0.6267909180691819
      },
      {
        "name": "Strikeouts",
        "value": 0.43397961009065955
      },
      {
        "name": "Batting_average",
        "value": 0.32381304080355716
      },
      {
        "name": "On_base_pct",
        "value": 0.32457906779528767
      },
      {
        "name": "Slugging_pct",
        "value": 0.3162603646670513
      },
      {
        "name": "Fielding_ave",
        "value": 0.07973796564422678
      },
      {
        "name": "Hall_of_Fame",
        "value": 0.3651250900246262
      }
    ],
    "label": "Number_seasons",
    "type": "classification"
  },
  {
    "features": [
      {
        "name": "Number_seasons",
        "value": 0.8178260942473298
      },
      {
        "name": "Games_played"
      },
      {
        "name": "At_bats",
        "value": 0.9715469023442193
      },
      {
        "name": "Runs",
        "value": 0.8766447039161902
      },
      {
        "name": "Hits",
        "value": 0.9450422157599322
      },
      {
        "name": "Doubles",
        "value": 0.8968675297579299
      },
      {
        "name": "Triples",
        "value": 0.6172434537885007
      },
      {
        "name": "Home_runs",
        "value": 0.60638173986514
      },
      {
        "name": "RBIs",
        "value": 0.8631495838470965
      },
      {
        "name": "Walks",
        "value": 0.8068587109712664
      },
      {
        "name": "Strikeouts",
        "value": 0.6017160223541034
      },
      {
        "name": "Batting_average",
        "value": 0.4762626274231658
      },
      {
        "name": "On_base_pct",
        "value": 0.46527941816170726
      },
      {
        "name": "Slugging_pct",
        "value": 0.4821962895153925
      },
      {
        "name": "Fielding_ave",
        "value": 0.0903399672211627
      },
      {
        "name": "Hall_of_Fame",
        "value": 0.39752611991096154
      }
    ],
    "label": "Games_played",
    "type": "classification"
  },
  {
    "features": [
      {
        "name": "Number_seasons",
        "value": 0.7509989557277548
      },
      {
        "name": "Games_played",
        "value": 0.9715469023442193
      },
      {
        "name": "At_bats"
      },
      {
        "name": "Runs",
        "value": 0.930659968293332
      },
      {
        "name": "Hits",
        "value": 0.9835766053012368
      },
      {
        "name": "Doubles",
        "value": 0.9241120952981884
      },
      {
        "name": "Triples",
        "value": 0.7043577246563586
      },
      {
        "name": "Home_runs",
        "value": 0.5591941292259888
      },
      {
        "name": "RBIs",
        "value": 0.874105070048063
      },
      {
        "name": "Walks",
        "value": 0.776065663166442
      },
      {
        "name": "Strikeouts",
        "value": 0.5300209152174357
      },
      {
        "name": "Batting_average",
        "value": 0.542265300967621
      },
      {
        "name": "On_base_pct",
        "value": 0.46149016704601553
      },
      {
        "name": "Slugging_pct",
        "value": 0.4837796254777156
      },
      {
        "name": "Fielding_ave",
        "value": 0.024332822024935568
      },
      {
        "name": "Hall_of_Fame",
        "value": 0.42631846778412735
      }
    ],
    "label": "At_bats",
    "type": "classification"
  },
  {
    "features": [
      {
        "name": "Number_seasons",
        "value": 0.668476579779412
      },
      {
        "name": "Games_played",
        "value": 0.8766447039161902
      },
      {
        "name": "At_bats",
        "value": 0.930659968293332
      },
      {
        "name": "Runs"
      },
      {
        "name": "Hits",
        "value": 0.952078130554368
      },
      {
        "name": "Doubles",
        "value": 0.8980301359997341
      },
      {
        "name": "Triples",
        "value": 0.7826109386818719
      },
      {
        "name": "Home_runs",
        "value": 0.5616184256860736
      },
      {
        "name": "RBIs",
        "value": 0.8651611421616342
      },
      {
        "name": "Walks",
        "value": 0.8271988162007458
      },
      {
        "name": "Strikeouts",
        "value": 0.4420649040094207
      },
      {
        "name": "Batting_average",
        "value": 0.6456565624335617
      },
      {
        "name": "On_base_pct",
        "value": 0.6215726541528206
      },
      {
        "name": "Slugging_pct",
        "value": 0.579222223421251
      },
      {
        "name": "Fielding_ave",
        "value": 0.13155659766687922
      },
      {
        "name": "Hall_of_Fame",
        "value": 0.5052028465685685
      }
    ],
    "label": "Runs",
    "type": "classification"
  },
  {
    "features": [
      {
        "name": "Number_seasons",
        "value": 0.7335810696504342
      },
      {
        "name": "Games_played",
        "value": 0.9450422157599322
      },
      {
        "name": "At_bats",
        "value": 0.9835766053012368
      },
      {
        "name": "Runs",
        "value": 0.952078130554368
      },
      {
        "name": "Hits"
      },
      {
        "name": "Doubles",
        "value": 0.950230483684081
      },
      {
        "name": "Triples",
        "value": 0.7584707934732077
      },
      {
        "name": "Home_runs",
        "value": 0.547565830979201
      },
      {
        "name": "RBIs",
        "value": 0.8947529005213266
      },
      {
        "name": "Walks",
        "value": 0.7679621977915009
      },
      {
        "name": "Strikeouts",
        "value": 0.4635576000813086
      },
      {
        "name": "Batting_average",
        "value": 0.6609863454693811
      },
      {
        "name": "On_base_pct",
        "value": 0.5474254077751121
      },
      {
        "name": "Slugging_pct",
        "value": 0.5551071342072975
      },
      {
        "name": "Fielding_ave",
        "value": 0.02154561299955876
      },
      {
        "name": "Hall_of_Fame",
        "value": 0.4816400701589139
      }
    ],
    "label": "Hits",
    "type": "classification"
  },
  {
    "features": [
      {
        "name": "Number_seasons",
        "value": 0.7047151755701568
      },
      {
        "name": "Games_played",
        "value": 0.8968675297579299
      },
      {
        "name": "At_bats",
        "value": 0.9241120952981884
      },
      {
        "name": "Runs",
        "value": 0.8980301359997341
      },
      {
        "name": "Hits",
        "value": 0.950230483684081
      },
      {
        "name": "Doubles"
      },
      {
        "name": "Triples",
        "value": 0.7070774535294801
      },
      {
        "name": "Home_runs",
        "value": 0.5864208346516006
      },
      {
        "name": "RBIs",
        "value": 0.9076110917307586
      },
      {
        "name": "Walks",
        "value": 0.7500885071107318
      },
      {
        "name": "Strikeouts",
        "value": 0.48664564460231396
      },
      {
        "name": "Batting_average",
        "value": 0.6627855067358503
      },
      {
        "name": "On_base_pct",
        "value": 0.5675806488531137
      },
      {
        "name": "Slugging_pct",
        "value": 0.633576378871537
      },
      {
        "name": "Fielding_ave",
        "value": 0.03269205017049062
      },
      {
        "name": "Hall_of_Fame",
        "value": 0.46860498281023943
      }
    ],
    "label": "Doubles",
    "type": "classification"
  },
  {
    "features": [
      {
        "name": "Number_seasons",
        "value": 0.4735673331681687
      },
      {
        "name": "Games_played",
        "value": 0.6172434537885007
      },
      {
        "name": "At_bats",
        "value": 0.7043577246563586
      },
      {
        "name": "Runs",
        "value": 0.7826109386818719
      },
      {
        "name": "Hits",
        "value": 0.7584707934732077
      },
      {
        "name": "Doubles",
        "value": 0.7070774535294801
      },
      {
        "name": "Triples"
      },
      {
        "name": "Home_runs",
        "value": 0.15531061239653965
      },
      {
        "name": "RBIs",
        "value": 0.6301856692379197
      },
      {
        "name": "Walks",
        "value": 0.491271225290193
      },
      {
        "name": "Strikeouts",
        "value": 0.05578925216938658
      },
      {
        "name": "Batting_average",
        "value": 0.6411739841606326
      },
      {
        "name": "On_base_pct",
        "value": 0.4667834127705051
      },
      {
        "name": "Slugging_pct",
        "value": 0.40291058288659143
      },
      {
        "name": "Fielding_ave",
        "value": 0.24152690382371525
      },
      {
        "name": "Hall_of_Fame",
        "value": 0.4939853975501804
      }
    ],
    "label": "Triples",
    "type": "classification"
  },
  {
    "features": [
      {
        "name": "Number_seasons",
        "value": 0.45768584928284267
      },
      {
        "name": "Games_played",
        "value": 0.60638173986514
      },
      {
        "name": "At_bats",
        "value": 0.5591941292259888
      },
      {
        "name": "Runs",
        "value": 0.5616184256860736
      },
      {
        "name": "Hits",
        "value": 0.547565830979201
      },
      {
        "name": "Doubles",
        "value": 0.5864208346516006
      },
      {
        "name": "Triples",
        "value": 0.15531061239653965
      },
      {
        "name": "Home_runs"
      },
      {
        "name": "RBIs",
        "value": 0.7768709992950892
      },
      {
        "name": "Walks",
        "value": 0.6620025775490256
      },
      {
        "name": "Strikeouts",
        "value": 0.7954360959065633
      },
      {
        "name": "Batting_average",
        "value": 0.2764614808080688
      },
      {
        "name": "On_base_pct",
        "value": 0.4180656534672551
      },
      {
        "name": "Slugging_pct",
        "value": 0.7602095933524231
      },
      {
        "name": "Fielding_ave",
        "value": 0.24222533710591668
      },
      {
        "name": "Hall_of_Fame",
        "value": 0.2504952172229728
      }
    ],
    "label": "Home_runs",
    "type": "classification"
  },
  {
    "features": [
      {
        "name": "Number_seasons",
        "value": 0.6955321680062425
      },
      {
        "name": "Games_played",
        "value": 0.8631495838470965
      },
      {
        "name": "At_bats",
        "value": 0.874105070048063
      },
      {
        "name": "Runs",
        "value": 0.8651611421616342
      },
      {
        "name": "Hits",
        "value": 0.8947529005213266
      },
      {
        "name": "Doubles",
        "value": 0.9076110917307586
      },
      {
        "name": "Triples",
        "value": 0.6301856692379197
      },
      {
        "name": "Home_runs",
        "value": 0.7768709992950892
      },
      {
        "name": "RBIs"
      },
      {
        "name": "Walks",
        "value": 0.7711561530594674
      },
      {
        "name": "Strikeouts",
        "value": 0.574051062402481
      },
      {
        "name": "Batting_average",
        "value": 0.6030029293781632
      },
      {
        "name": "On_base_pct",
        "value": 0.5699710921936497
      },
      {
        "name": "Slugging_pct",
        "value": 0.7364877811595446
      },
      {
        "name": "Fielding_ave",
        "value": 0.06250912188781395
      },
      {
        "name": "Hall_of_Fame",
        "value": 0.47862591664128484
      }
    ],
    "label": "RBIs",
    "type": "classification"
  },
  {
    "features": [
      {
        "name": "Number_seasons",
        "value": 0.6267909180691819
      },
      {
        "name": "Games_played",
        "value": 0.8068587109712664
      },
      {
        "name": "At_bats",
        "value": 0.776065663166442
      },
      {
        "name": "Runs",
        "value": 0.8271988162007458
      },
      {
        "name": "Hits",
        "value": 0.7679621977915009
      },
      {
        "name": "Doubles",
        "value": 0.7500885071107318
      },
      {
        "name": "Triples",
        "value": 0.491271225290193
      },
      {
        "name": "Home_runs",
        "value": 0.6620025775490256
      },
      {
        "name": "RBIs",
        "value": 0.7711561530594674
      },
      {
        "name": "Walks"
      },
      {
        "name": "Strikeouts",
        "value": 0.5827734366072399
      },
      {
        "name": "Batting_average",
        "value": 0.425240616955706
      },
      {
        "name": "On_base_pct",
        "value": 0.7190889384400643
      },
      {
        "name": "Slugging_pct",
        "value": 0.5471827453618601
      },
      {
        "name": "Fielding_ave",
        "value": 0.07622609144622523
      },
      {
        "name": "Hall_of_Fame",
        "value": 0.3815179837188897
      }
    ],
    "label": "Walks",
    "type": "classification"
  },
  {
    "features": [
      {
        "name": "Number_seasons",
        "value": 0.43397961009065955
      },
      {
        "name": "Games_played",
        "value": 0.6017160223541034
      },
      {
        "name": "At_bats",
        "value": 0.5300209152174357
      },
      {
        "name": "Runs",
        "value": 0.4420649040094207
      },
      {
        "name": "Hits",
        "value": 0.4635576000813086
      },
      {
        "name": "Doubles",
        "value": 0.48664564460231396
      },
      {
        "name": "Triples",
        "value": 0.05578925216938658
      },
      {
        "name": "Home_runs",
        "value": 0.7954360959065633
      },
      {
        "name": "RBIs",
        "value": 0.574051062402481
      },
      {
        "name": "Walks",
        "value": 0.5827734366072399
      },
      {
        "name": "Strikeouts"
      },
      {
        "name": "Batting_average",
        "value": 0.046912751285476284
      },
      {
        "name": "On_base_pct",
        "value": 0.22148105662796783
      },
      {
        "name": "Slugging_pct",
        "value": 0.4918164300173049
      },
      {
        "name": "Fielding_ave",
        "value": 0.2639098090890253
      },
      {
        "name": "Hall_of_Fame",
        "value": 0.08310631934025975
      }
    ],
    "label": "Strikeouts",
    "type": "classification"
  },
  {
    "features": [
      {
        "name": "Number_seasons",
        "value": 0.32381304080355716
      },
      {
        "name": "Games_played",
        "value": 0.4762626274231658
      },
      {
        "name": "At_bats",
        "value": 0.542265300967621
      },
      {
        "name": "Runs",
        "value": 0.6456565624335617
      },
      {
        "name": "Hits",
        "value": 0.6609863454693811
      },
      {
        "name": "Doubles",
        "value": 0.6627855067358503
      },
      {
        "name": "Triples",
        "value": 0.6411739841606326
      },
      {
        "name": "Home_runs",
        "value": 0.2764614808080688
      },
      {
        "name": "RBIs",
        "value": 0.6030029293781632
      },
      {
        "name": "Walks",
        "value": 0.425240616955706
      },
      {
        "name": "Strikeouts",
        "value": 0.046912751285476284
      },
      {
        "name": "Batting_average"
      },
      {
        "name": "On_base_pct",
        "value": 0.7662724168516738
      },
      {
        "name": "Slugging_pct",
        "value": 0.7053628771915219
      },
      {
        "name": "Fielding_ave",
        "value": 0.027774752420491468
      },
      {
        "name": "Hall_of_Fame",
        "value": 0.4113388172458682
      }
    ],
    "label": "Batting_average",
    "type": "classification"
  },
  {
    "features": [
      {
        "name": "Number_seasons",
        "value": 0.32457906779528767
      },
      {
        "name": "Games_played",
        "value": 0.46527941816170726
      },
      {
        "name": "At_bats",
        "value": 0.46149016704601553
      },
      {
        "name": "Runs",
        "value": 0.6215726541528206
      },
      {
        "name": "Hits",
        "value": 0.5474254077751121
      },
      {
        "name": "Doubles",
        "value": 0.5675806488531137
      },
      {
        "name": "Triples",
        "value": 0.4667834127705051
      },
      {
        "name": "Home_runs",
        "value": 0.4180656534672551
      },
      {
        "name": "RBIs",
        "value": 0.5699710921936497
      },
      {
        "name": "Walks",
        "value": 0.7190889384400643
      },
      {
        "name": "Strikeouts",
        "value": 0.22148105662796783
      },
      {
        "name": "Batting_average",
        "value": 0.7662724168516738
      },
      {
        "name": "On_base_pct"
      },
      {
        "name": "Slugging_pct",
        "value": 0.71295766710336
      },
      {
        "name": "Fielding_ave",
        "value": 0.08963290202827537
      },
      {
        "name": "Hall_of_Fame",
        "value": 0.364281941219839
      }
    ],
    "label": "On_base_pct",
    "type": "classification"
  },
  {
    "features": [
      {
        "name": "Number_seasons",
        "value": 0.3162603646670513
      },
      {
        "name": "Games_played",
        "value": 0.4821962895153925
      },
      {
        "name": "At_bats",
        "value": 0.4837796254777156
      },
      {
        "name": "Runs",
        "value": 0.579222223421251
      },
      {
        "name": "Hits",
        "value": 0.5551071342072975
      },
      {
        "name": "Doubles",
        "value": 0.633576378871537
      },
      {
        "name": "Triples",
        "value": 0.40291058288659143
      },
      {
        "name": "Home_runs",
        "value": 0.7602095933524231
      },
      {
        "name": "RBIs",
        "value": 0.7364877811595446
      },
      {
        "name": "Walks",
        "value": 0.5471827453618601
      },
      {
        "name": "Strikeouts",
        "value": 0.4918164300173049
      },
      {
        "name": "Batting_average",
        "value": 0.7053628771915219
      },
      {
        "name": "On_base_pct",
        "value": 0.71295766710336
      },
      {
        "name": "Slugging_pct"
      },
      {
        "name": "Fielding_ave",
        "value": 0.17770848392740335
      },
      {
        "name": "Hall_of_Fame",
        "value": 0.33919760234008794
      }
    ],
    "label": "Slugging_pct",
    "type": "classification"
  },
  {
    "features": [
      {
        "name": "Number_seasons",
        "value": 0.07973796564422678
      },
      {
        "name": "Games_played",
        "value": 0.0903399672211627
      },
      {
        "name": "At_bats",
        "value": 0.024332822024935568
      },
      {
        "name": "Runs",
        "value": 0.13155659766687922
      },
      {
        "name": "Hits",
        "value": 0.02154561299955876
      },
      {
        "name": "Doubles",
        "value": 0.03269205017049062
      },
      {
        "name": "Triples",
        "value": 0.24152690382371525
      },
      {
        "name": "Home_runs",
        "value": 0.24222533710591668
      },
      {
        "name": "RBIs",
        "value": 0.06250912188781395
      },
      {
        "name": "Walks",
        "value": 0.07622609144622523
      },
      {
        "name": "Strikeouts",
        "value": 0.2639098090890253
      },
      {
        "name": "Batting_average",
        "value": 0.027774752420491468
      },
      {
        "name": "On_base_pct",
        "value": 0.08963290202827537
      },
      {
        "name": "Slugging_pct",
        "value": 0.17770848392740335
      },
      {
        "name": "Fielding_ave"
      },
      {
        "name": "Hall_of_Fame",
        "value": 0.036091812453168816
      }
    ],
    "label": "Fielding_ave",
    "type": "classification"
  },
  {
    "features": [
      {
        "name": "Number_seasons",
        "value": 0.3651250900246262
      },
      {
        "name": "Games_played",
        "value": 0.39752611991096154
      },
      {
        "name": "At_bats",
        "value": 0.42631846778412735
      },
      {
        "name": "Runs",
        "value": 0.5052028465685685
      },
      {
        "name": "Hits",
        "value": 0.4816400701589139
      },
      {
        "name": "Doubles",
        "value": 0.46860498281023943
      },
      {
        "name": "Triples",
        "value": 0.4939853975501804
      },
      {
        "name": "Home_runs",
        "value": 0.2504952172229728
      },
      {
        "name": "RBIs",
        "value": 0.47862591664128484
      },
      {
        "name": "Walks",
        "value": 0.3815179837188897
      },
      {
        "name": "Strikeouts",
        "value": 0.08310631934025975
      },
      {
        "name": "Batting_average",
        "value": 0.4113388172458682
      },
      {
        "name": "On_base_pct",
        "value": 0.364281941219839
      },
      {
        "name": "Slugging_pct",
        "value": 0.33919760234008794
      },
      {
        "name": "Fielding_ave",
        "value": 0.036091812453168816
      },
      {
        "name": "Hall_of_Fame"
      }
    ],
    "label": "Hall_of_Fame",
    "type": "classification"
  }
]