{
  "about": {
    "problemID": "185_bl_problem_TRAIN",
    "problemName": "NULL",
    "taskType": "classification",
    "taskSubType": "multiClass",
    "problemVersion": "1.0",
    "problemSchemaVersion": "3.1.1"
  },
  "inputs": {
    "data": [
      {
        "datasetID": "185_bl_dataset_TRAIN",
        "targets": [
          {
            "targetIndex": 0,
            "resID": "0",
            "colIndex": 18,
            "colName": "Hall_of_Fame"
          }
        ]
      }
    ],
    "dataSplits": {
      "method": "holdOut",
      "testSize": 0.2,
      "stratified": true,
      "numRepeats": 0,
      "randomSeed": 42,
      "splitsFile": "dataSplits.csv"
    },
    "performanceMetrics": [
      {
        "metric": "f1Macro"
      }
    ]
  },
  "expectedOutputs": {
    "predictionsFile": "predictions.csv"
  }
}
