{
  "about": {
    "problemID": "185_baseball_problem",
    "problemName": "baseball_problem",
    "problemDescription": "**Author**: Jeffrey S. Simonoff  \n**Source**: [AnalCatData](http://www.stern.nyu.edu/~jsimonof/AnalCatData) - 2003  \n**Please cite**: Jeffrey S. Simonoff, Analyzing Categorical Data, Springer-Verlag, New York, 2003  \n \nDatabase of baseball players and play statistics, including 'Games_played', 'At_bats', 'Runs', 'Hits', 'Doubles', 'Triples', 'Home_runs', 'RBIs', 'Walks', 'Strikeouts', 'Batting_average', 'On_base_pct', 'Slugging_pct' and 'Fielding_ave' \n\nNotes:  \n* Quotes, Single-Quotes and Backslashes were removed, Blanks replaced with Underscores\n* Player is an identifier that should be ignored when modelling the data",
    "taskType": "classification",
    "taskSubType": "multiClass",
    "problemVersion": "1.0",
    "problemSchemaVersion": "3.1.1"
  },
  "inputs": {
    "data": [
      {
        "datasetID": "185_baseball_dataset",
        "targets": [
          {
            "targetIndex": 0,
            "resID": "0",
            "colIndex": 18,
            "colName": "Hall_of_Fame"
          }
        ]
      }
    ],
    "dataSplits": {
      "method": "holdOut",
      "testSize": 0.2,
      "stratified": true,
      "numRepeats": 0,
      "randomSeed": 42,
      "splitsFile": "dataSplits.csv"
    },
    "performanceMetrics": [
      {
        "metric": "f1Macro"
      }
    ]
  },
  "expectedOutputs": {
    "predictionsFile": "predictions.csv"
  }
}
